Name,CardNumber,ExpirationMonth,ExpirationYear
John Doe,541577h6JzS40IV1962,11,24
John Doe,554799qQDHrXf1V3815,12,24
John Doe,515334QhI0QXeZV9515,9,23
John Doe,536296VFpcx6FBV2903,8,25
John Doe,5355003hkCaWHfV7213,4,22
John Doe,538090EjOrUixMV2913,6,24
John Doe,513456ZxZNRhdPV2232,7,23
John Doe,540404DVIDCms7V5785,3,22
John Doe,550636rlCZbV4dV7713,4,22
John Doe,552337ZLAuuB2uV7113,7,23
John Doe,520202dPEwVKqXV7583,7,25
John Doe,5444178Twwh4r5V8325,10,23
John Doe,540531fW2WOD2MV7903,8,23
John Doe,522168QjSX6ByBV4563,11,23
John Doe,533464SS75AzdyV6022,7,22
John Doe,549550cFXQ7mDbV7492,3,22
John Doe,519365t3NaAS8KV0565,8,22
John Doe,526551ZnnKAhHVV3173,8,22
John Doe,544135M0lnEsl7V9783,6,25
John Doe,533242HZ8TWcIuV6022,9,23
John Doe,551842oDK9Ok0gV6493,2,23
John Doe,511089JW78uJg4V0643,11,25
John Doe,522512y2MT1O9kV6552,12,24
John Doe,543825DPcUsUTvV5253,10,22
John Doe,556253nGdkr7OYV0393,12,25
John Doe,5252885fPqhfmzV2012,1,25
John Doe,5413676zg2FE11V8625,5,24
John Doe,538513zMMxVCtGV4223,10,23
